,cash,usd_value,positions_usd,long_exposure_usd,short_exposure_usd,gross_traded_usd,gross_traded_percent,net_traded_usd,net_traded_percent,unrealized_long_pnl,unrealized_short_pnl,realized_long_pnl,realized_short_pnl,gross_exposure_usd,net_exposure_usd,gross_exposure_percent,long_exposure_percent,short_exposure_percent,net_exposure_percent,unrealized_pnl,realized_pnl,total_long_pnl,total_short_pnl,total_pnl,inception_return,previous_usd_value
2023-07-23 00:00:00,10000.0,10000.0,0.0,0.0,0.0,0.0,0.0,0.0,0.0,0.0,0.0,0.0,0.0,0.0,0.0,0.0,0.0,0.0,0.0,0.0,0.0,0.0,0.0,0.0,1.0,10000.0
2023-07-24 20:00:00,3496.75,9956.738271710412,6459.988271710412,6459.988271710412,0.0,6500.0,0.65,6500.0,0.65,-40.011728289588056,0.0,0.0,0.0,6459.988271710412,6459.988271710412,0.6459988271710412,0.6459988271710412,0.0,0.6459988271710412,-40.011728289588056,0.0,-40.011728289588056,0.0,-40.011728289588056,0.9956738271710412,10000.0
2023-07-25 20:00:00,3496.75,10023.056997248457,6526.306997248457,6526.306997248457,0.0,0.0,0.0,0.0,0.0,26.30699724845767,0.0,0.0,0.0,6526.306997248457,6526.306997248457,0.6554663604838675,0.6554663604838675,0.0,0.6554663604838675,26.30699724845767,0.0,26.30699724845767,0.0,26.30699724845767,1.0023056997248458,9956.738271710412
2023-07-26 20:00:00,3496.75,10205.080942723336,6708.330942723336,6708.330942723336,0.0,0.0,0.0,0.0,0.0,208.33094272333648,0.0,0.0,0.0,6708.330942723336,6708.330942723336,0.6692899127047682,0.6692899127047682,0.0,0.6692899127047682,208.33094272333648,0.0,208.33094272333648,0.0,208.33094272333648,1.020508094272334,10023.056997248457
2023-07-27 20:00:00,3496.75,10317.344810321569,6820.594810321569,6820.594810321569,0.0,0.0,0.0,0.0,0.0,320.5948103215686,0.0,0.0,0.0,6820.594810321569,6820.594810321569,0.6683528380228035,0.6683528380228035,0.0,0.6683528380228035,320.5948103215686,0.0,320.5948103215686,0.0,320.5948103215686,1.0317344810321571,10205.080942723336
2023-07-28 20:00:00,3290.2999303454653,8974.261310989585,5683.961380644119,5683.961380644119,0.0,206.34689620643138,0.02,206.34689620643138,0.02,-1022.3855155623108,0.0,0.0,0.0,5683.961380644119,5683.961380644119,0.5509131937664651,0.5509131937664651,0.0,0.5509131937664651,-1022.3855155623108,0.0,-1022.3855155623108,0.0,-1022.3855155623108,0.8974261310989586,10317.344810321569
2023-07-31 20:00:00,6040.678638859189,10466.223974357556,4425.5453354983665,4425.5453354983665,0.0,2751.754585806627,0.30662741928819465,-2751.754585806627,-0.30662741928819465,219.1984392919355,0.0,251.75458580662684,0.0,4425.5453354983665,4425.5453354983665,0.4931375610914059,0.4931375610914059,0.0,0.4931375610914059,219.1984392919355,251.75458580662684,470.9530250985623,0.0,470.9530250985623,1.0466223974357558,8974.261310989585
2023-08-01 20:00:00,6040.678638859189,10448.521822759612,4407.843183900422,4407.843183900422,0.0,0.0,0.0,-0.0,-0.0,201.49628769399078,0.0,251.75458580662684,0.0,4407.843183900422,4407.843183900422,0.4211493270829786,0.4211493270829786,0.0,0.4211493270829786,201.49628769399078,251.75458580662684,453.2508735006176,0.0,453.2508735006176,1.0448521822759615,10466.223974357556
2023-08-02 20:00:00,7537.711494754414,10368.393941728802,2830.682446974387,2830.682446974387,0.0,1497.781746768609,0.1433486738292539,-1497.781746768609,-0.1433486738292539,124.33555076795597,0.0,249.53633257523575,0.0,2830.682446974387,2830.682446974387,0.27091702491432046,0.27091702491432046,0.0,0.27091702491432046,124.33555076795597,249.53633257523575,373.8718833431917,0.0,373.8718833431917,1.0368393941728804,10448.521822759612
2023-08-03 20:00:00,7537.711494754414,10370.564006484357,2832.8525117299428,2832.8525117299428,0.0,0.0,0.0,-0.0,-0.0,126.50561552351152,0.0,249.53633257523575,0.0,2832.8525117299428,2832.8525117299428,0.27321999218498055,0.27321999218498055,0.0,0.27321999218498055,126.50561552351152,249.53633257523575,376.0419480987473,0.0,376.0419480987473,1.037056400648436,10368.393941728802
2023-08-04 20:00:00,7537.711494754414,10354.57303680922,2816.861542054807,2816.861542054807,0.0,0.0,0.0,-0.0,-0.0,110.5146458483758,0.0,249.53633257523575,0.0,2816.861542054807,2816.861542054807,0.2716208626930532,0.2716208626930532,0.0,0.2716208626930532,110.5146458483758,249.53633257523575,360.0509784236116,0.0,360.0509784236116,1.0354573036809223,10370.564006484357
2023-08-07 20:00:00,8727.99703877689,10386.444837733361,1658.447798956471,1658.447798956471,0.0,4493.709959601888,0.43398312452162996,-1192.532399002276,-0.11516963517114336,7.859018656664889,0.0,386.3106156708859,0.0,1658.447798956471,1658.447798956471,0.16016573479764884,0.16016573479764884,0.0,0.16016573479764884,7.859018656664889,386.3106156708859,394.1696343275508,0.0,394.1696343275508,1.0386444837733362,10354.57303680922
2023-08-08 20:00:00,7448.95973612916,10392.83610567598,2943.87636954682,2943.87636954682,0.0,1278.3981035959316,0.12308331903439994,1278.3981035959316,0.12308331903439994,14.889485651082774,0.0,386.3106156708859,0.0,2943.87636954682,2943.87636954682,0.2834344586178213,0.2834344586178213,0.0,0.2834344586178213,14.889485651082774,386.3106156708859,401.2001013219687,0.0,401.2001013219687,1.0392836105675982,10386.444837733361
2023-08-09 20:00:00,7448.95973612916,10355.439613743663,2906.4798776145044,2906.4798776145044,0.0,0.0,0.0,-0.0,-0.0,-22.507006281232837,0.0,386.3106156708859,0.0,2906.4798776145044,2906.4798776145044,0.2796618601564542,0.2796618601564542,0.0,0.2796618601564542,-22.507006281232837,386.3106156708859,363.80360938965305,0.0,363.80360938965305,1.0355439613743664,10392.83610567598
2023-08-10 20:00:00,7448.95973612916,10341.67575191614,2892.716015786981,2892.716015786981,0.0,0.0,0.0,-0.0,-0.0,-36.270868108756254,0.0,386.3106156708859,0.0,2892.716015786981,2892.716015786981,0.279342656969173,0.279342656969173,0.0,0.279342656969173,-36.270868108756254,386.3106156708859,350.03974756212966,0.0,350.03974756212966,1.0341675751916142,10355.439613743663
2023-08-11 20:00:00,7448.95973612916,10362.911239620942,2913.9515034917827,2913.9515034917827,0.0,0.0,0.0,-0.0,-0.0,-15.035380403954123,0.0,386.3106156708859,0.0,2913.9515034917827,2913.9515034917827,0.28176782693577257,0.28176782693577257,0.0,0.28176782693577257,-15.035380403954123,386.3106156708859,371.27523526693176,0.0,371.27523526693176,1.0362911239620942,10341.67575191614
2023-08-14 20:00:00,7721.600052723793,10479.044716784822,2757.444664061029,2757.444664061029,0.0,272.77670494710657,0.026322400977843777,-272.77670494710657,-0.026322400977843777,132.72990418153216,0.0,354.81519660175195,0.0,2757.444664061029,2757.444664061029,0.2660878396331697,0.2660878396331697,0.0,0.2660878396331697,132.72990418153216,354.81519660175195,487.5451007832841,0.0,487.5451007832841,1.0479044716784822,10362.911239620942
2023-08-15 20:00:00,7721.600052723793,10467.484340945615,2745.8842882218214,2745.8842882218214,0.0,0.0,0.0,-0.0,-0.0,121.16952834232455,0.0,354.81519660175195,0.0,2745.8842882218214,2745.8842882218214,0.2620357449017846,0.2620357449017846,0.0,0.2620357449017846,121.16952834232455,354.81519660175195,475.9847249440765,0.0,475.9847249440765,1.0467484340945616,10479.044716784822
2023-08-16 20:00:00,8172.517516239308,10417.698151795017,2245.1806355557087,2245.1806355557087,0.0,4960.438797927954,0.47389025255325445,-453.397682914479,-0.043314866126995304,-8.339921951028499,0.0,437.0186771434707,0.0,2245.1806355557087,2245.1806355557087,0.21449094762657012,0.21449094762657012,0.0,0.21449094762657012,-8.339921951028499,437.0186771434707,428.6787551924422,0.0,428.6787551924422,1.0417698151795018,10467.484340945615
2023-08-17 20:00:00,7770.558109756204,10386.23994800509,2615.6818382488855,2615.6818382488855,0.0,401.75852721949343,0.03856499980758884,401.75852721949343,0.03856499980758884,-39.59724647734512,0.0,437.0186771434707,0.0,2615.6818382488855,2615.6818382488855,0.25108059382563236,0.25108059382563236,0.0,0.25108059382563236,-39.59724647734512,437.0186771434707,397.4214306661256,0.0,397.4214306661256,1.0386239948005092,10417.698151795017
2023-08-18 20:00:00,6635.216146981581,10402.182517500843,3766.966370519263,3766.966370519263,0.0,1557.018187593325,0.14991163263972013,1134.5634536808266,0.10923716950124428,-39.93169692018654,0.0,454.07420617586325,0.0,3766.966370519263,3766.966370519263,0.36268817102023465,0.36268817102023465,0.0,0.36268817102023465,-39.93169692018654,454.07420617586325,414.1425092556767,0.0,414.1425092556767,1.0402182517500844,10386.23994800509
2023-08-21 20:00:00,6130.297938103788,10390.32880580338,4260.030867699592,4260.030867699592,0.0,504.6658759398235,0.04851538367941183,504.6658759398235,0.04851538367941183,-51.53307567968145,0.0,454.07420617586325,0.0,4260.030867699592,4260.030867699592,0.409532409235507,0.409532409235507,0.0,0.409532409235507,-51.53307567968145,454.07420617586325,402.5411304961818,0.0,402.5411304961818,1.0390328805803382,10402.182517500843
2023-08-22 20:00:00,4982.169360304442,10362.48932336791,5380.319963063469,5380.319963063469,0.0,1147.5548003991453,0.11044451257001547,1147.5548003991453,0.11044451257001547,-78.7987807149492,0.0,454.07420617586325,0.0,5380.319963063469,5380.319963063469,0.5178199904567373,0.5178199904567373,0.0,0.5178199904567373,-78.7987807149492,454.07420617586325,375.27542546091405,0.0,375.27542546091405,1.0362489323367912,10390.32880580338
2023-08-23 20:00:00,3822.705145058204,10470.1556103289,6647.450465270696,6647.450465270696,0.0,2855.9841034838087,0.2756079175921009,1158.0362231944962,0.11175270603976102,-11.670426015207962,0.0,496.04013048885395,0.0,6647.450465270696,6647.450465270696,0.6414916587928711,0.6414916587928711,0.0,0.6414916587928711,-11.670426015207962,496.04013048885395,484.369704473646,0.0,484.369704473646,1.0470155610328902,10362.48932336791
2023-08-24 20:00:00,2514.896458173959,10333.943004749013,7819.046546575055,7819.046546575055,0.0,1307.1551093295802,0.12484581490269928,1307.1551093295802,0.12484581490269928,-147.2294540404294,0.0,496.04013048885395,0.0,7819.046546575055,7819.046546575055,0.7467937285346071,0.7467937285346071,0.0,0.7467937285346071,-147.2294540404294,496.04013048885395,348.81067644842454,0.0,348.81067644842454,1.0333943004749013,10470.1556103289
2023-08-25 20:00:00,1415.926937032759,10359.595135937556,8943.668198904797,8943.668198904797,0.0,1098.4203109857074,0.10629246846832066,1098.4203109857074,0.10629246846832066,-121.02811269639358,0.0,496.04013048885395,0.0,8943.668198904797,8943.668198904797,0.8654652144679618,0.8654652144679618,0.0,0.8654652144679618,-121.02811269639358,496.04013048885395,375.01201779246037,0.0,375.01201779246037,1.0359595135937556,10333.943004749013
2023-08-28 20:00:00,-120.99229172829541,10342.297722353276,10463.290014081571,10463.290014081571,0.0,1536.1511531844621,0.14828293316748797,1536.1511531844621,0.14828293316748797,-137.5574507040829,0.0,496.04013048885395,0.0,10463.290014081571,10463.290014081571,1.0100095492906183,1.0100095492906183,0.0,1.0100095492906183,-137.5574507040829,496.04013048885395,358.48267978477105,0.0,358.48267978477105,1.0342297722353277,10359.595135937556
2023-08-29 20:00:00,10.788126781581653,10483.208163824289,10472.420037042708,10472.420037042708,0.0,131.85297471184825,0.012748905344976528,-131.85297471184825,-0.012748905344976528,69.15439087545408,0.0,430.304656867686,0.0,10472.420037042708,10472.420037042708,1.0125815672863674,1.0125815672863674,0.0,1.0125815672863674,69.15439087545408,430.304656867686,499.4590477431401,0.0,499.4590477431401,1.0483208163824291,10342.297722353276
2023-08-30 20:00:00,643.3676375206454,10501.107055571109,9857.739418050463,9857.739418050463,0.0,632.8959587184229,0.060372354419369036,-632.8959587184229,-0.060372354419369036,29.055063675921943,0.0,488.6259535080118,0.0,9857.739418050463,9857.739418050463,0.9403361322221753,0.9403361322221753,0.0,0.9403361322221753,29.055063675921943,488.6259535080118,517.6810171839337,0.0,517.6810171839337,1.0501107055571113,10483.208163824289
2023-08-31 20:00:00,275.2048016585335,10407.177326680434,10131.9725250219,10131.9725250219,0.0,781.7819139302695,0.0744475710792334,367.7719449051468,0.03502220698817029,-70.07089892045637,0.0,494.21307817068,0.0,10131.9725250219,10131.9725250219,0.9648480366312071,0.9648480366312071,0.0,0.9648480366312071,-70.07089892045637,494.21307817068,424.1421792502236,0.0,424.1421792502236,1.040717732668044,10501.107055571109
2023-09-01 20:00:00,214.55664407274026,10446.66188787163,10232.105243798891,10232.105243798891,0.0,292.6147411661378,0.028116628743893306,60.501850215210155,0.005813473559262237,56.244695031417386,0.0,407.52835278058797,0.0,10232.105243798891,10232.105243798891,0.9831777553715052,0.9831777553715052,0.0,0.9831777553715052,56.244695031417386,407.52835278058797,463.77304781200536,0.0,463.77304781200536,1.0446661887871636,10407.177326680434
2023-09-05 20:00:00,380.8849778807777,10300.543084625882,9919.658106745104,9919.658106745104,0.0,166.41153957782635,0.0159296377506988,-166.41153957782635,-0.0159296377506988,-84.47480942793908,0.0,402.2122597639851,0.0,9919.658106745104,9919.658106745104,0.9495529015121694,0.9495529015121694,0.0,0.9495529015121694,-84.47480942793908,402.2122597639851,317.73745033604604,0.0,317.73745033604604,1.0300543084625888,10446.66188787163
2023-09-06 20:00:00,291.82871795839174,10250.77056733798,9958.94184937959,9958.94184937959,0.0,614.3882816259792,0.059646202785461566,88.74906578157298,0.008615959862741196,-109.81025059831387,0.0,378.08237778726993,0.0,9958.94184937959,9958.94184937959,0.96683658012594,0.96683658012594,0.0,0.96683658012594,-109.81025059831387,378.08237778726993,268.27212718895606,0.0,268.27212718895606,1.0250770567337986,10300.543084625882
2023-09-07 20:00:00,104.31243506166348,10149.35448346358,10045.042048401916,10045.042048401916,0.0,561.4833776175981,0.05477474829127987,187.23554120791945,0.018265508917398646,-222.070839865366,0.0,389.20762486873144,0.0,10045.042048401916,10045.042048401916,0.9799304337576751,0.9799304337576751,0.0,0.9799304337576751,-222.070839865366,389.20762486873144,167.13678500336545,0.0,167.13678500336545,1.0149354483463584,10250.77056733798
2023-09-08 20:00:00,104.31243506166348,10129.677017674578,10025.364582612914,10025.364582612914,0.0,0.0,0.0,-0.0,-0.0,-241.74830565436977,0.0,389.20762486873144,0.0,10025.364582612914,10025.364582612914,0.9877834692784961,0.9877834692784961,0.0,0.9877834692784961,-241.74830565436977,389.20762486873144,147.45931921436167,0.0,147.45931921436167,1.0129677017674583,10149.35448346358
2023-09-11 20:00:00,644.7299595601603,10207.079451077752,9562.349491517592,9562.349491517592,0.0,540.6878684327132,0.053376614820917205,-540.6878684327132,-0.053376614820917205,-152.6518654251013,0.0,377.78396197685385,0.0,9562.349491517592,9562.349491517592,0.943993522679243,0.943993522679243,0.0,0.943993522679243,-152.6518654251013,377.78396197685385,225.13209655175254,0.0,225.13209655175254,1.0207079451077758,10129.677017674578
2023-09-12 20:00:00,310.5095835941623,10175.790223124164,9865.280639530001,9865.280639530001,0.0,334.05334929135233,0.032727613309219424,334.05334929135233,0.032727613309219424,-183.77406670404372,0.0,377.78396197685385,0.0,9865.280639530001,9865.280639530001,0.9665135543241352,0.9665135543241352,0.0,0.9665135543241352,-183.77406670404372,377.78396197685385,194.00989527281013,0.0,194.00989527281013,1.017579022312417,10207.079451077752
2023-09-13 20:00:00,130.86004543763994,10136.208013349971,10005.347967912332,10005.347967912332,0.0,179.55975827738365,0.017645780262778975,179.55975827738365,0.017645780262778975,-223.2664965990945,0.0,377.78396197685385,0.0,10005.347967912332,10005.347967912332,0.9832502192483776,0.9832502192483776,0.0,0.9832502192483776,-223.2664965990945,377.78396197685385,154.51746537775935,0.0,154.51746537775935,1.0136208013349979,10175.790223124164
2023-09-14 20:00:00,130.86004543763994,10206.959943593054,10076.099898155415,10076.099898155415,0.0,0.0,0.0,-0.0,-0.0,-152.51456635601582,0.0,377.78396197685385,0.0,10076.099898155415,10076.099898155415,0.994069960372223,0.994069960372223,0.0,0.994069960372223,-152.51456635601582,377.78396197685385,225.26939562083803,0.0,225.26939562083803,1.0206959943593061,10136.208013349971
2023-09-15 20:00:00,345.3536127704807,10166.238784033972,9820.885171263491,9820.885171263491,0.0,214.60086776672412,0.021024954438214474,-214.60086776672412,-0.021024954438214474,-217.94910761453966,0.0,402.6046441101803,0.0,9820.885171263491,9820.885171263491,0.962175341682231,0.962175341682231,0.0,0.962175341682231,-217.94910761453966,402.6046441101803,184.65553649564063,0.0,184.65553649564063,1.016623878403398,10206.959943593054
2023-09-18 20:00:00,167.72114576346672,10092.955069042122,9925.233923278654,9925.233923278654,0.0,574.5827204523824,0.056518711851895685,177.3451756467878,0.01744452195292791,-302.38177400851555,0.0,414.04088687253187,0.0,9925.233923278654,9925.233923278654,0.9762936061334881,0.9762936061334881,0.0,0.9762936061334881,-302.38177400851555,414.04088687253187,111.65911286401632,0.0,111.65911286401632,1.009295506904213,10166.238784033972
2023-09-19 20:00:00,167.72114576346672,10078.190613319877,9910.46946755641,9910.46946755641,0.0,0.0,0.0,-0.0,-0.0,-317.14622973075893,0.0,414.04088687253187,0.0,9910.46946755641,9910.46946755641,0.9819195071971096,0.9819195071971096,0.0,0.9819195071971096,-317.14622973075893,414.04088687253187,96.89465714177294,0.0,96.89465714177294,1.0078190613319886,10092.955069042122
2023-09-20 20:00:00,425.5497161252997,10063.550970818906,9638.001254693607,9638.001254693607,0.0,257.9575491364012,0.025595621181789385,-257.9575491364012,-0.025595621181789385,-395.275314242617,0.0,477.65930765798544,0.0,9638.001254693607,9638.001254693607,0.9563225805588066,0.9563225805588066,0.0,0.9563225805588066,-395.275314242617,477.65930765798544,82.38399341536842,0.0,82.38399341536842,1.0063550970818915,10078.190613319877
2023-09-21 20:00:00,425.5497161252997,9906.904616851403,9481.354900726103,9481.354900726103,0.0,0.0,0.0,-0.0,-0.0,-551.9216682101214,0.0,477.65930765798544,0.0,9481.354900726103,9481.354900726103,0.9421480477635592,0.9421480477635592,0.0,0.9421480477635592,-551.9216682101214,477.65930765798544,-74.26236055213599,0.0,-74.26236055213599,0.9906904616851413,10063.550970818906
2023-09-22 20:00:00,233.1457199044576,9871.509860847142,9638.364140942684,9638.364140942684,0.0,520.8157817719726,0.05257098982118771,192.14358832995612,0.01939491655174761,-568.8937664639493,0.0,459.4970577984389,0.0,9638.364140942684,9638.364140942684,0.9728936043805309,0.9728936043805309,0.0,0.9728936043805309,-568.8937664639493,459.4970577984389,-109.3967086655104,0.0,-109.3967086655104,0.9871509860847151,9906.904616851403
2023-09-25 20:00:00,233.1457199044576,9858.939328885617,9625.79360898116,9625.79360898116,0.0,0.0,0.0,-0.0,-0.0,-581.4642984254742,0.0,459.4970577984389,0.0,9625.79360898116,9625.79360898116,0.9751085441508239,0.9751085441508239,0.0,0.9751085441508239,-581.4642984254742,459.4970577984389,-121.96724062703532,0.0,-121.96724062703532,0.9858939328885626,9871.509860847142
2023-09-26 20:00:00,339.73155886076313,9758.933955151388,9419.202396290624,9419.202396290624,0.0,106.63915853557332,0.010816494044458941,-106.63915853557332,-0.010816494044458941,-675.6219625800948,0.0,453.70266779809805,0.0,9419.202396290624,9419.202396290624,0.9553971357439424,0.9553971357439424,0.0,0.9553971357439424,-675.6219625800948,453.70266779809805,-221.9192947819967,0.0,-221.9192947819967,0.9758933955151396,9858.939328885617
2023-09-27 20:00:00,170.3378274472999,9730.19664732685,9559.85881987955,9559.85881987955,0.0,169.3090768750257,0.017349136458255626,169.3090768750257,0.017349136458255626,-704.2746158661953,0.0,453.70266779809805,0.0,9559.85881987955,9559.85881987955,0.9796007293228218,0.9796007293228218,0.0,0.9796007293228218,-704.2746158661953,453.70266779809805,-250.57194806809724,0.0,-250.57194806809724,0.9730196647326858,9758.933955151388
2023-09-28 20:00:00,170.3378274472999,9761.669887760254,9591.332060312954,9591.332060312954,0.0,0.0,0.0,-0.0,-0.0,-672.8013754327935,0.0,453.70266779809805,0.0,9591.332060312954,9591.332060312954,0.9857284912065939,0.9857284912065939,0.0,0.9857284912065939,-672.8013754327935,453.70266779809805,-219.09870763469547,0.0,-219.09870763469547,0.9761669887760263,9730.19664732685
2023-09-29 20:00:00,335.32136861667254,9779.082491505882,9443.76112288921,9443.76112288921,0.0,165.06607420647586,0.016909614451667256,-165.06607420647586,-0.016909614451667256,-619.3908748675013,0.0,417.7873040155407,0.0,9443.76112288921,9443.76112288921,0.9674329527092842,0.9674329527092842,0.0,0.9674329527092842,-619.3908748675013,417.7873040155407,-201.60357085196063,0.0,-201.60357085196063,0.977908249150589,9761.669887760254
2023-10-02 20:00:00,-9.996141804410456,9582.693097785654,9592.689239590065,9592.689239590065,0.0,345.14493795210694,0.0352942045689767,345.14493795210694,0.0352942045689767,-815.6076961187528,0.0,417.7873040155407,0.0,9592.689239590065,9592.689239590065,0.9809395971372858,0.9809395971372858,0.0,0.9809395971372858,-815.6076961187528,417.7873040155407,-397.82039210321204,0.0,-397.82039210321204,0.9582693097785662,9779.082491505882
2023-10-03 20:00:00,316.9745761837444,9491.154440499495,9174.17986431575,9174.17986431575,0.0,327.13483313852157,0.03413808934506262,-327.13483313852157,-0.03413808934506262,-858.0525483367059,0.0,368.85706636390495,0.0,9174.17986431575,9174.17986431575,0.9573696841481545,0.9573696841481545,0.0,0.9573696841481545,-858.0525483367059,368.85706636390495,-489.1954819728009,0.0,-489.1954819728009,0.9491154440499503,9582.693097785654
2023-10-04 20:00:00,592.7776779045328,9536.28365842145,8943.505980516917,8943.505980516917,0.0,875.5893457702342,0.09225319757036365,-276.24089639367355,-0.029105089178080606,-808.196857700152,0.0,364.5689360559868,0.0,8943.505980516917,8943.505980516917,0.9422990676828817,0.9422990676828817,0.0,0.9422990676828817,-808.196857700152,364.5689360559868,-443.6279216441652,0.0,-443.6279216441652,0.9536283658421458,9491.154440499495
2023-10-05 20:00:00,114.94675968249754,9577.73761717512,9462.790857492622,9462.790857492622,0.0,477.5921221609548,0.05008157677222566,477.5921221609548,0.05008157677222566,-766.5041028854016,0.0,364.5689360559868,0.0,9462.790857492622,9462.790857492622,0.9922933499504363,0.9922933499504363,0.0,0.9922933499504363,-766.5041028854016,364.5689360559868,-401.9351668294148,0.0,-401.9351668294148,0.9577737617175129,9536.28365842145
2023-10-06 20:00:00,248.64678054020104,9637.008874330979,9388.362093790778,9388.362093790778,0.0,133.76690430985843,0.01396644068323433,-133.76690430985843,-0.01396644068323433,-690.8842426862511,0.0,348.28721646485076,0.0,9388.362093790778,9388.362093790778,0.9802275306597721,0.9802275306597721,0.0,0.9802275306597721,-690.8842426862511,348.28721646485076,-342.59702622140037,0.0,-342.59702622140037,0.9637008874330987,9577.73761717512
2023-10-09 20:00:00,542.8031160130887,9613.957743691928,9071.15462767884,9071.15462767884,0.0,294.3034872164959,0.03053888307609627,-294.3034872164959,-0.03053888307609627,-628.7200196728362,0.0,263.21901455599436,0.0,9071.15462767884,9071.15462767884,0.9412832078883582,0.9412832078883582,0.0,0.9412832078883582,-628.7200196728362,263.21901455599436,-365.50100511684184,0.0,-365.50100511684184,0.9613957743691937,9637.008874330979
2023-10-10 20:00:00,350.91212078591275,9732.804648654868,9381.892527868955,9381.892527868955,0.0,426.249364006527,0.044336513158298924,191.6778705451727,0.019937457148793858,-432.0371461580146,0.0,185.5961706861142,0.0,9381.892527868955,9381.892527868955,0.9758616355501208,0.9758616355501208,0.0,0.9758616355501208,-432.0371461580146,185.5961706861142,-246.4409754719004,0.0,-246.4409754719004,0.9732804648654876,9613.957743691928
2023-10-11 20:00:00,520.9607514993172,9713.818372137079,9192.857620637762,9192.857620637762,0.0,170.13369756218552,0.01748043895915439,-170.13369756218552,-0.01748043895915439,-426.58793835488984,0.0,161.24575321398038,0.0,9192.857620637762,9192.857620637762,0.9445229769312455,0.9445229769312455,0.0,0.9445229769312455,-426.58793835488984,161.24575321398038,-265.34218514090946,0.0,-265.34218514090946,0.9713818372137086,9732.804648654868
2023-10-12 20:00:00,167.61920195335608,9545.10085594961,9377.481653996254,9377.481653996254,0.0,353.1649670624299,0.03635696628582651,353.1649670624299,0.03635696628582651,-595.12887205883,0.0,161.24575321398038,0.0,9377.481653996254,9377.481653996254,0.9653754367998514,0.9653754367998514,0.0,0.9653754367998514,-595.12887205883,161.24575321398038,-433.8831188448496,0.0,-433.8831188448496,0.9545100855949618,9713.818372137079
2023-10-13 20:00:00,606.7062126330834,9495.322013518426,8888.615800885342,8888.615800885342,0.0,439.30666401173323,0.04602430824373182,-439.30666401173323,-0.04602430824373182,-519.4861326622465,0.0,36.04382471822157,0.0,8888.615800885342,8888.615800885342,0.9312228267703352,0.9312228267703352,0.0,0.9312228267703352,-519.4861326622465,36.04382471822157,-483.44230794402495,0.0,-483.44230794402495,0.9495322013518434,9545.10085594961
2023-10-16 20:00:00,269.6224396455251,9645.744484116867,9376.122044471342,9376.122044471342,0.0,336.91531532989336,0.035482242187282256,336.91531532989336,0.035482242187282256,-368.8952044061388,0.0,36.04382471822157,0.0,9376.122044471342,9376.122044471342,0.9874464532242951,0.9874464532242951,0.0,0.9874464532242951,-368.8952044061388,36.04382471822157,-332.85137968791724,0.0,-332.85137968791724,0.9645744484116876,9495.322013518426
2023-10-17 20:00:00,686.3626401599324,9852.684502032062,9166.32186187213,9166.32186187213,0.0,416.94867485183323,0.043226178709004824,-416.94867485183323,-0.043226178709004824,-278.8554416109244,0.0,153.15255417562574,0.0,9166.32186187213,9166.32186187213,0.9502969809086093,0.9502969809086093,0.0,0.9502969809086093,-278.8554416109244,153.15255417562574,-125.70288743529866,0.0,-125.70288743529866,0.9852684502032071,9645.744484116867
2023-10-18 20:00:00,164.0505899981722,9689.081645208838,9525.031055210666,9525.031055210666,0.0,522.0510246494355,0.05298566340389417,522.0510246494355,0.05298566340389417,-442.1972729218198,0.0,153.15255417562574,0.0,9525.031055210666,9525.031055210666,0.9667447540054876,0.9667447540054876,0.0,0.9667447540054876,-442.1972729218198,153.15255417562574,-289.044718746194,0.0,-289.044718746194,0.9689081645208847,9852.684502032062
2023-10-19 20:00:00,164.0505899981722,9567.848121028646,9403.797531030474,9403.797531030474,0.0,0.0,0.0,-0.0,-0.0,-563.4307971020119,0.0,153.15255417562574,0.0,9403.797531030474,9403.797531030474,0.9705561244476214,0.9705561244476214,0.0,0.9705561244476214,-563.4307971020119,153.15255417562574,-410.27824292638616,0.0,-410.27824292638616,0.9567848121028655,9689.081645208838
2023-10-20 20:00:00,946.9651342630901,9515.70192229077,8568.73678802768,8568.73678802768,0.0,783.3061973635997,0.08186858606607834,-783.3061973635997,-0.08186858606607834,-618.5855256858421,0.0,156.55273712026147,0.0,8568.73678802768,8568.73678802768,0.8955761713226744,0.8955761713226744,0.0,0.8955761713226744,-618.5855256858421,156.55273712026147,-462.03278856558063,0.0,-462.03278856558063,0.9515701922290778,9567.848121028646
2023-10-23 20:00:00,872.6765281967686,9552.973194539214,8680.296666342445,8680.296666342445,0.0,933.542095604461,0.09810543701643441,73.8218350185193,0.007757896960348222,-627.0306726313473,0.0,202.73592736201022,0.0,8680.296666342445,8680.296666342445,0.9122077107111387,0.9122077107111387,0.0,0.9122077107111387,-627.0306726313473,202.73592736201022,-424.2947452693371,0.0,-424.2947452693371,0.9552973194539222,9515.70192229077
2023-10-24 20:00:00,577.2860160296118,9603.370526441768,9026.084510412156,9026.084510412156,0.0,660.473774197164,0.06913803281419359,295.06027528005825,0.030886747954942884,-587.0375401068641,0.0,213.47036362717967,0.0,9026.084510412156,9026.084510412156,0.9448455812240482,0.9448455812240482,0.0,0.9448455812240482,-587.0375401068641,213.47036362717967,-373.5671764796844,0.0,-373.5671764796844,0.9603370526441776,9552.973194539214
2023-10-25 20:00:00,390.99255734252415,9473.947512108662,9082.954954766137,9082.954954766137,0.0,476.24422937867735,0.04959136253957858,186.05533657239832,0.019373962095924187,-663.1747805333597,0.0,160.42271183525963,0.0,9082.954954766137,9082.954954766137,0.9458090708629094,0.9458090708629094,0.0,0.9458090708629094,-663.1747805333597,160.42271183525963,-502.75206869810006,0.0,-502.75206869810006,0.947394751210867,9603.370526441768
2023-10-26 20:00:00,720.9008066923102,9446.58227552954,8725.681468837229,8725.681468837229,0.0,330.0732859927824,0.03484010076801834,-330.0732859927824,-0.03484010076801834,-619.1249172934788,0.0,89.17264865925273,0.0,8725.681468837229,8725.681468837229,0.921018557226006,0.921018557226006,0.0,0.921018557226006,-619.1249172934788,89.17264865925273,-529.9522686342261,0.0,-529.9522686342261,0.9446582275529548,9473.947512108662
2023-10-27 20:00:00,376.0752125040248,9372.013347442116,8995.938134938091,8995.938134938091,0.0,344.65326755450815,0.0364844403512262,344.65326755450815,0.0364844403512262,-693.521518747125,0.0,89.17264865925276,0.0,8995.938134938091,8995.938134938091,0.9522955363699316,0.9522955363699316,0.0,0.9522955363699316,-693.521518747125,89.17264865925276,-604.3488700878722,0.0,-604.3488700878722,0.9372013347442125,9446.58227552954
2023-10-30 20:00:00,376.0752125040248,9400.80236888137,9024.727156377345,9024.727156377345,0.0,0.0,0.0,-0.0,-0.0,-664.7324973078721,0.0,89.17264865925276,0.0,9024.727156377345,9024.727156377345,0.9629443345639754,0.9629443345639754,0.0,0.9629443345639754,-664.7324973078721,89.17264865925276,-575.5598486486193,0.0,-575.5598486486193,0.9400802368881378,9372.013347442116
2023-10-31 20:00:00,574.4871743141089,9431.16743411704,8856.680259802932,8856.680259802932,0.0,198.5112174187934,0.02111641215604183,-198.5112174187934,-0.02111641215604183,-629.4605886605615,0.0,84.36506085632354,0.0,8856.680259802932,8856.680259802932,0.9421196098239872,0.9421196098239872,0.0,0.9421196098239872,-629.4605886605615,84.36506085632354,-545.0955278042379,0.0,-545.0955278042379,0.9431167434117048,9400.80236888137
2023-11-01 20:00:00,457.2289859469514,9514.767647843806,9057.538661896855,9057.538661896855,0.0,460.09547118541514,0.04878457247201761,117.02814063156472,0.012408658996787397,-522.4124205810325,0.0,61.147154239153224,0.0,9057.538661896855,9057.538661896855,0.9603836137116396,0.9603836137116396,0.0,0.9603836137116396,-522.4124205810325,61.147154239153224,-461.2652663418793,0.0,-461.2652663418793,0.9514767647843815,9431.16743411704
2023-11-02 20:00:00,819.7047275089255,9688.791944977283,8869.087217468357,8869.087217468357,0.0,362.65707009702265,0.038115178795690964,-362.65707009702265,-0.038115178795690964,-312.88291928035386,0.0,25.823278606998656,0.0,8869.087217468357,8869.087217468357,0.9321391279037938,0.9321391279037938,0.0,0.9321391279037938,-312.88291928035386,25.823278606998656,-287.0596406733552,0.0,-287.0596406733552,0.9688791944977291,9514.767647843806
2023-11-03 20:00:00,2120.284801737677,9999.664074473389,7879.379272735711,7879.379272735711,0.0,2013.1757797513342,0.20778398289324132,-1301.586662118627,-0.13433941708216532,-60.33383948967654,0.0,85.15291620230178,0.0,7879.379272735711,7879.379272735711,0.8132468234928318,0.8132468234928318,0.0,0.8132468234928318,-60.33383948967654,85.15291620230178,24.81907671262524,0.0,24.81907671262524,0.9999664074473397,9688.791944977283
2023-11-06 21:00:00,1911.9986396961408,9944.6599259082,8032.661286212058,8032.661286212058,0.0,929.237315472775,0.09292685319748717,207.82154338379976,0.02078285248744661,-113.66468533766164,0.0,83.94423214283435,0.0,8032.661286212058,8032.661286212058,0.8032931132874163,0.8032931132874163,0.0,0.8032931132874163,-113.66468533766164,83.94423214283435,-29.720453194827286,0.0,-29.720453194827286,0.9944659925908208,9999.664074473389
2023-11-07 21:00:00,1921.576240523737,9910.693074880026,7989.116834356289,7989.116834356289,0.0,588.6720576342544,0.059194790170815595,-9.87193685641327,-0.0009926872240944642,-107.7965731567414,0.0,44.403604962557694,0.0,7989.116834356289,7989.116834356289,0.8033574696247524,0.8033574696247524,0.0,0.8033574696247524,-107.7965731567414,44.403604962557694,-63.39296819418371,0.0,-63.39296819418371,0.9910693074880035,9944.6599259082
2023-11-08 21:00:00,2118.045138529045,9854.341734196096,7736.296595667051,7736.296595667051,0.0,1279.8792346890361,0.12914124421157394,-197.1088376226524,-0.019888501856873266,-165.4448197301489,0.0,46.34045046938121,0.0,7736.296595667051,7736.296595667051,0.7806009667755455,0.7806009667755455,0.0,0.7806009667755455,-165.4448197301489,46.34045046938121,-119.1043692607677,0.0,-119.1043692607677,0.9854341734196105,9910.693074880026
2023-11-09 21:00:00,2593.884667133108,9735.961163560401,7142.076496427293,7142.076496427293,0.0,1530.2901576691518,0.1552909569148396,-476.60467368289756,-0.04836494273676397,-243.25693210852216,0.0,6.537137290893554,0.0,7142.076496427293,7142.076496427293,0.7247644428286041,0.7247644428286041,0.0,0.7247644428286041,-243.25693210852216,6.537137290893554,-236.7197948176286,0.0,-236.7197948176286,0.973596116356041,9854.341734196096
2023-11-10 21:00:00,2712.20999255434,9791.385059921324,7079.175067366984,7079.175067366984,0.0,1016.1966514709834,0.10437558597443751,-118.83342374696736,-0.01220561809467104,-213.10176431501677,0.0,32.3139641840456,0.0,7079.175067366984,7079.175067366984,0.7271161982304126,0.7271161982304126,0.0,0.7271161982304126,-213.10176431501677,32.3139641840456,-180.78780013097116,0.0,-180.78780013097116,0.9791385059921333,9735.961163560401
2023-11-13 21:00:00,9046.824252500748,9750.948441405662,704.124188904914,704.124188904914,0.0,7401.649272118645,0.7559348577164546,-6338.315084582467,-0.6473359025095268,-2.647263252295952,0.0,-214.87633075827773,0.0,704.124188904914,704.124188904914,0.0719126236580233,0.0719126236580233,0.0,0.0719126236580233,-2.647263252295952,-214.87633075827773,-217.52359401057367,0.0,-217.52359401057367,0.9750948441405671,9791.385059921324
2023-11-14 21:00:00,8858.054913284359,9797.210841143082,939.1559278587235,939.1559278587235,0.0,188.67500171553223,0.01934939999419518,188.67500171553223,0.01934939999419518,43.70947398598125,0.0,-214.87633075827773,0.0,939.1559278587235,939.1559278587235,0.09631431583319275,0.09631431583319275,0.0,0.09631431583319275,43.70947398598125,-214.87633075827773,-171.16685677229648,0.0,-171.16685677229648,0.9797210841143091,9750.948441405662
2023-11-15 21:00:00,8858.054913284359,9802.517847024395,944.4629337400366,944.4629337400366,0.0,0.0,0.0,-0.0,-0.0,49.016479867294464,0.0,-214.87633075827773,0.0,944.4629337400366,944.4629337400366,0.09640120530771819,0.09640120530771819,0.0,0.09640120530771819,49.016479867294464,-214.87633075827773,-165.85985089098327,0.0,-165.85985089098327,0.9802517847024406,9797.210841143082
2023-11-16 21:00:00,7732.4468078606105,9799.201167867059,2066.7543600064487,2066.7543600064487,0.0,1511.3196780953845,0.15417668212194618,1124.852445584701,0.11475137950665967,28.326202682785233,0.0,-196.7470728920574,-1.8885035757421075e-15,2066.7543600064487,2066.7543600064487,0.2108391325840659,0.2108391325840659,0.0,0.2108391325840659,28.326202682785233,-196.7470728920574,-168.42087020927215,-1.8885035757421075e-15,-168.42087020927215,0.9799201167867069,9802.517847024395
2023-11-17 21:00:00,7102.859855588211,9816.941653274727,2714.081797686517,2714.081797686517,0.0,815.6742563651458,0.08323885206478411,629.1791151442168,0.06420718427614104,50.08200317342504,0.0,-200.35455084684514,-1.8885035757421075e-15,2714.081797686517,2714.081797686517,0.27696969897774604,0.27696969897774604,0.0,0.27696969897774604,50.08200317342504,-200.35455084684514,-150.2725476734201,-1.8885035757421075e-15,-150.2725476734201,0.9816941653274738,9799.201167867059
2023-11-20 21:00:00,7102.859855588211,9831.456504911488,2728.5966493232777,2728.5966493232777,0.0,0.0,0.0,-0.0,-0.0,64.59685481018525,0.0,-200.35455084684514,-1.8885035757421075e-15,2728.5966493232777,2728.5966493232777,0.27794773012764873,0.27794773012764873,0.0,0.27794773012764873,64.59685481018525,-200.35455084684514,-135.7576960366599,-1.8885035757421075e-15,-135.7576960366599,0.9831456504911499,9816.941653274727
2023-11-21 21:00:00,6287.878817472636,9815.206502508732,3527.3276850360953,3527.3276850360953,0.0,1029.4337735263603,0.10470816536818195,814.4663212288114,0.0828428952334712,38.18297399578027,0.0,-189.67595554843408,-1.8885035757421075e-15,3527.3276850360953,3527.3276850360953,0.358779768112075,0.358779768112075,0.0,0.358779768112075,38.18297399578027,-189.67595554843408,-151.49298155265382,-1.8885035757421075e-15,-151.49298155265382,0.9815206502508742,9831.456504911488
2023-11-22 21:00:00,6296.826055789455,9826.968784997873,3530.142729208419,3530.142729208419,0.0,185.71095374889126,0.01892073831573734,-9.040093793693359,-0.0009210294038523532,45.806107836961935,0.0,-185.44395142359815,-1.8885035757421075e-15,3530.142729208419,3530.142729208419,0.3596605663167787,0.3596605663167787,0.0,0.3596605663167787,45.806107836961935,-185.44395142359815,-139.63784358663622,-1.8885035757421075e-15,-139.63784358663622,0.9826968784997883,9815.206502508732
2023-11-24 18:00:00,6296.826055789455,9855.381813283531,3558.555757494077,3558.555757494077,0.0,0.0,0.0,-0.0,-0.0,74.21913612262014,0.0,-185.44395142359815,-1.8885035757421075e-15,3558.555757494077,3558.555757494077,0.36212140644291746,0.36212140644291746,0.0,0.36212140644291746,74.21913612262014,-185.44395142359815,-111.22481530097801,-1.8885035757421075e-15,-111.22481530097801,0.9855381813283541,9826.968784997873
2023-11-27 21:00:00,5925.598102247016,9842.558878343249,3916.9607760962326,3916.9607760962326,0.0,371.04243232627533,0.03764871207994879,371.04243232627533,0.03764871207994879,61.581722398499764,0.0,-185.44395142359815,-1.8885035757421075e-15,3916.9607760962326,3916.9607760962326,0.39744383833174024,0.39744383833174024,0.0,0.39744383833174024,61.581722398499764,-185.44395142359815,-123.86222902509839,-1.8885035757421075e-15,-123.86222902509839,0.9842558878343258,9855.381813283531
2023-11-28 21:00:00,5925.598102247016,9821.217145756975,3895.6190435099584,3895.6190435099584,0.0,0.0,0.0,-0.0,-0.0,40.23998981222584,0.0,-185.44395142359815,-1.8885035757421075e-15,3895.6190435099584,3895.6190435099584,0.3957933187559138,0.3957933187559138,0.0,0.3957933187559138,40.23998981222584,-185.44395142359815,-145.2039616113723,-1.8885035757421075e-15,-145.2039616113723,0.9821217145756984,9842.558878343249
2023-11-29 21:00:00,5925.598102247016,9824.065800011962,3898.467697764945,3898.467697764945,0.0,0.0,0.0,-0.0,-0.0,43.08864406721253,0.0,-185.44395142359815,-1.8885035757421075e-15,3898.467697764945,3898.467697764945,0.3969434378557841,0.3969434378557841,0.0,0.3969434378557841,43.08864406721253,-185.44395142359815,-142.35530735638562,-1.8885035757421075e-15,-142.35530735638562,0.9824065800011972,9821.217145756975
2023-11-30 21:00:00,5925.598102247016,9840.874288126965,3915.276185879949,3915.276185879949,0.0,0.0,0.0,-0.0,-0.0,59.8971321822161,0.0,-185.44395142359815,-1.8885035757421075e-15,3915.276185879949,3915.276185879949,0.398539287661854,0.398539287661854,0.0,0.398539287661854,59.8971321822161,-185.44395142359815,-125.54681924138205,-1.8885035757421075e-15,-125.54681924138205,0.9840874288126975,9824.065800011962
2023-12-01 21:00:00,5925.598102247016,9927.720781381555,4002.122679134539,4002.122679134539,0.0,0.0,0.0,-0.0,-0.0,146.7436254368063,0.0,-185.44395142359815,-1.8885035757421075e-15,4002.122679134539,4002.122679134539,0.40668365045198357,0.40668365045198357,0.0,0.40668365045198357,146.7436254368063,-185.44395142359815,-38.70032598679185,-1.8885035757421075e-15,-38.70032598679185,0.9927720781381566,9840.874288126965
2023-12-04 21:00:00,5925.598102247016,10153.779998923448,4228.181896676431,4228.181896676431,0.0,0.0,0.0,-0.0,-0.0,372.80284297869906,0.0,-185.44395142359815,-1.8885035757421075e-15,4228.181896676431,4228.181896676431,0.4258965365550936,0.4258965365550936,0.0,0.4258965365550936,372.80284297869906,-185.44395142359815,187.3588915551009,-1.8885035757421075e-15,187.3588915551009,1.015377999892346,9927.720781381555
2023-12-05 21:00:00,5925.598102247016,10068.71965352287,4143.1215512758545,4143.1215512758545,0.0,0.0,0.0,-0.0,-0.0,287.7424975781223,0.0,-185.44395142359815,-1.8885035757421075e-15,4143.1215512758545,4143.1215512758545,0.40803735670017743,0.40803735670017743,0.0,0.40803735670017743,287.7424975781223,-185.44395142359815,102.29854615452416,-1.8885035757421075e-15,102.29854615452416,1.0068719653522882,10153.779998923448
2023-12-06 21:00:00,5925.598102247016,10074.564666572489,4148.966564325473,4148.966564325473,0.0,0.0,0.0,-0.0,-0.0,293.5875106277408,0.0,-185.44395142359815,-1.8885035757421075e-15,4148.966564325473,4148.966564325473,0.41206496030245726,0.41206496030245726,0.0,0.41206496030245726,293.5875106277408,-185.44395142359815,108.14355920414266,-1.8885035757421075e-15,108.14355920414266,1.00745646665725,10068.71965352287
2023-12-07 21:00:00,5925.598102247016,10119.156817508747,4193.558715261731,4193.558715261731,0.0,0.0,0.0,-0.0,-0.0,338.1796615639983,0.0,-185.44395142359815,-1.8885035757421075e-15,4193.558715261731,4193.558715261731,0.416252101609512,0.416252101609512,0.0,0.416252101609512,338.1796615639983,-185.44395142359815,152.73571014040016,-1.8885035757421075e-15,152.73571014040016,1.0119156817508759,10074.564666572489
2023-12-08 21:00:00,5925.598102247016,10121.017994225293,4195.419891978277,4195.419891978277,0.0,0.0,0.0,-0.0,-0.0,340.04083828054365,0.0,-185.44395142359815,-1.8885035757421075e-15,4195.419891978277,4195.419891978277,0.4146017269659385,0.4146017269659385,0.0,0.4146017269659385,340.04083828054365,-185.44395142359815,154.5968868569455,-1.8885035757421075e-15,154.5968868569455,1.0121017994225305,10119.156817508747
2023-12-11 21:00:00,5170.15624571566,10113.264598157759,4943.108352442098,4943.108352442098,0.0,3609.54511321105,0.35663854320489635,753.6370839747507,0.0744625772234325,20.325747551921676,0.0,128.32251579409387,-1.8885035757421075e-15,4943.108352442098,4943.108352442098,0.48840031262294636,0.48840031262294636,0.0,0.48840031262294636,20.325747551921676,128.32251579409387,148.64826334601554,-1.8885035757421075e-15,148.64826334601554,1.0113264598157772,10121.017994225293
2023-12-12 21:00:00,4901.064797328508,10053.338923284693,5152.274125956184,5152.274125956184,0.0,268.9569699022009,0.02659447572954774,268.9569699022009,0.02659447572954774,-39.46544883619198,0.0,128.32251579409387,-1.8885035757421075e-15,5152.274125956184,5152.274125956184,0.5094570675916783,0.5094570675916783,0.0,0.5094570675916783,-39.46544883619198,128.32251579409387,88.85706695790189,-1.8885035757421075e-15,88.85706695790189,1.0053338923284707,10113.264598157759
2023-12-13 21:00:00,4720.978491684208,10155.26864206855,5434.290150384342,5434.290150384342,0.0,393.2121545801617,0.03911259309774556,179.88969956700964,0.01789352780600725,51.57203371189031,0.0,139.4113581071594,-1.8885035757421075e-15,5434.290150384342,5434.290150384342,0.5405458019323212,0.5405458019323212,0.0,0.5405458019323212,51.57203371189031,139.4113581071594,190.9833918190497,-1.8885035757421075e-15,190.9833918190497,1.0155268642068562,10053.338923284693
2023-12-14 21:00:00,5351.506468289819,10280.251513774023,4928.745045484205,4928.745045484205,0.0,819.7948710781034,0.08072606446687929,-630.9378740411496,-0.06212911704053478,116.11160555348259,0.0,200.2645554065803,-1.8885035757421075e-15,4928.745045484205,4928.745045484205,0.4853387162075367,0.4853387162075367,0.0,0.4853387162075367,116.11160555348259,200.2645554065803,316.3761609600629,-1.8885035757421075e-15,316.3761609600629,1.0280251513774035,10155.26864206855
2023-12-15 21:00:00,5361.608403850591,10261.669477354317,4900.061073503725,4900.061073503725,0.0,364.0080118060573,0.03540847335479489,-10.283939566674661,-0.001000358751232467,90.68071183231682,0.0,207.29541671393963,-1.8885035757421075e-15,4900.061073503725,4900.061073503725,0.476647975678257,0.476647975678257,0.0,0.476647975678257,90.68071183231682,207.29541671393963,297.97612854625646,-1.8885035757421075e-15,297.97612854625646,1.026166947735433,10280.251513774023
2023-12-18 21:00:00,5469.484571604629,10296.908741302379,4827.42416969775,4827.42416969775,0.0,107.93013282044899,0.01051779469789313,-107.93013282044899,-0.01051779469789313,115.94717122165031,0.0,217.32218633908013,-1.8885035757421075e-15,4827.42416969775,4827.42416969775,0.4704326309038717,0.4704326309038717,0.0,0.4704326309038717,115.94717122165031,217.32218633908013,333.26935756073044,-1.8885035757421075e-15,333.26935756073044,1.0296908741302393,10261.669477354317
2023-12-19 21:00:00,5400.151198435576,10347.369736496275,4947.218538060701,4947.218538060701,0.0,288.58374044282414,0.0280262501779076,69.18908129883195,0.006719403175955577,137.92475449068004,0.0,245.94989013416904,-1.8885035757421075e-15,4947.218538060701,4947.218538060701,0.48045667513947143,0.48045667513947143,0.0,0.48045667513947143,137.92475449068004,245.94989013416904,383.8746446248491,-1.8885035757421075e-15,383.8746446248491,1.034736973649629,10296.908741302379
2023-12-20 21:00:00,4990.42469151774,10298.183692124501,5307.759000606762,5307.759000606762,0.0,615.186406725332,0.059453409164988466,409.41891371447286,0.03956743830950669,84.69673396035846,0.0,250.29945949607946,-1.8885035757421075e-15,5307.759000606762,5307.759000606762,0.5129573153151888,0.5129573153151888,0.0,0.5129573153151888,84.69673396035846,250.29945949607946,334.99619345643794,-1.8885035757421075e-15,334.99619345643794,1.0298183692124516,10347.369736496275
2023-12-21 21:00:00,4775.984232287542,10328.374426242182,5552.3901939546395,5552.3901939546395,0.0,404.09639682391077,0.03923957941563443,214.2384110317858,0.020803514234808595,111.29148275593418,0.0,254.09749301659537,-1.8885035757421075e-15,5552.3901939546395,5552.3901939546395,0.5391620852714843,0.5391620852714843,0.0,0.5391620852714843,111.29148275593418,254.09749301659537,365.38897577252953,-1.8885035757421075e-15,365.38897577252953,1.0328374426242197,10298.183692124501
2023-12-22 21:00:00,4465.651031883183,10317.919232211007,5852.268200327822,5852.268200327822,0.0,310.17811134868407,0.03003164859714885,310.17811134868407,0.03003164859714885,100.9913777804343,0.0,254.09749301659537,-1.8885035757421075e-15,5852.268200327822,5852.268200327822,0.5666204534044065,0.5666204534044065,0.0,0.5666204534044065,100.9913777804343,254.09749301659537,355.0888707970297,-1.8885035757421075e-15,355.0888707970297,1.0317919232211021,10328.374426242182
2023-12-26 21:00:00,4274.606037851037,10335.689165552805,6061.083127701767,6061.083127701767,0.0,1134.8708880743266,0.10999028607739328,190.47755858810925,0.018460849935078644,97.6163742603858,0.0,275.8098653224783,-1.8885035757421075e-15,6061.083127701767,6061.083127701767,0.5874326975520382,0.5874326975520382,0.0,0.5874326975520382,97.6163742603858,275.8098653224783,373.42623958286407,-1.8885035757421075e-15,373.42623958286407,1.0335689165552822,10317.919232211007
2023-12-27 21:00:00,4494.210960826369,10281.166966866738,5786.956006040369,5786.956006040369,0.0,487.9934516843764,0.04721440862509491,-219.8489197011741,-0.021270852497566908,53.130793604967565,0.0,266.01724401767285,-1.8885035757421075e-15,5786.956006040369,5786.956006040369,0.55990035239521,0.55990035239521,0.0,0.55990035239521,53.130793604967565,266.01724401767285,319.1480376226404,-1.8885035757421075e-15,319.1480376226404,1.0281166966866755,10335.689165552805
2023-12-28 21:00:00,4421.270828224594,10254.253306169532,5832.982477944937,5832.982477944937,0.0,261.4068418467576,0.025425794823602913,72.80942918085195,0.007081825381836121,18.816396669380335,0.0,273.54868367697736,-1.8885035757421075e-15,5832.982477944937,5832.982477944937,0.5673463427588494,0.5673463427588494,0.0,0.5673463427588494,18.816396669380335,273.54868367697736,292.3650803463577,-1.8885035757421075e-15,292.3650803463577,1.025425330616955,10281.166966866738
2023-12-29 21:00:00,4281.698805984051,10246.92297577369,5965.224169789639,5965.224169789639,0.0,139.50227110498992,0.013604332459883505,139.50227110498992,0.013604332459883505,11.555817409089961,0.0,273.54868367697736,-1.8885035757421075e-15,5965.224169789639,5965.224169789639,0.5817316962709148,0.5817316962709148,0.0,0.5817316962709148,11.555817409089961,273.54868367697736,285.10450108606733,-1.8885035757421075e-15,285.10450108606733,1.0246922975773707,10254.253306169532
2024-01-02 21:00:00,4310.522042318138,10317.322481578554,6006.800439260415,6006.800439260415,0.0,346.8402572101118,0.033848235029201416,-28.99665646269159,-0.0028297915902409923,73.32119273248074,0.0,282.3562342870541,-1.8885035757421075e-15,6006.800439260415,6006.800439260415,0.5862052885009487,0.5862052885009487,0.0,0.5862052885009487,73.32119273248074,282.3562342870541,355.6774270195349,-1.8885035757421075e-15,355.6774270195349,1.031732248157857,10246.92297577369
2024-01-03 21:00:00,3997.9550630318845,10347.54895726498,6349.593894233096,6349.593894233096,0.0,685.8649327797708,0.06647702773702904,312.22404681986393,0.030262119593270048,84.17829341915106,0.0,302.0685417532028,-1.8885035757421075e-15,6349.593894233096,6349.593894233096,0.6154303992697925,0.6154303992697925,0.0,0.6154303992697925,84.17829341915106,302.0685417532028,386.2468351723538,-1.8885035757421075e-15,386.2468351723538,1.0347548957264996,10317.322481578554
2024-01-04 21:00:00,3820.262826580627,10312.699391769835,6492.436565189208,6492.436565189208,0.0,177.60343473389074,0.017163816809892544,177.60343473389074,0.017163816809892544,49.417529641370734,0.0,302.0685417532028,-1.8885035757421075e-15,6492.436565189208,6492.436565189208,0.6274371440041256,0.6274371440041256,0.0,0.6274371440041256,49.417529641370734,302.0685417532028,351.4860713945735,-1.8885035757421075e-15,351.4860713945735,1.031269939176985,10347.54895726498
2024-01-05 21:00:00,3660.6646366814416,10303.02300433024,6642.358367648799,6642.358367648799,0.0,159.51843068384332,0.015468154808347153,159.51843068384332,0.015468154808347153,39.82090141711889,0.0,302.0685417532028,-1.8885035757421075e-15,6642.358367648799,6642.358367648799,0.6440950245238223,0.6440950245238223,0.0,0.6440950245238223,39.82090141711889,302.0685417532028,341.88944317032167,-1.8885035757421075e-15,341.88944317032167,1.0303023004330256,10312.699391769835
2024-01-08 21:00:00,3536.776261746908,10224.732380505568,6687.956118758659,6687.956118758659,0.0,223.65848449425687,0.021708044755433024,123.77654569228652,0.012013614415911202,-2.0205788570672256,0.0,265.7312274449629,-1.8885035757421075e-15,6687.956118758659,6687.956118758659,0.6491256125457343,0.6491256125457343,0.0,0.6491256125457343,-2.0205788570672256,265.7312274449629,263.71064858789566,-1.8885035757421075e-15,263.71064858789566,1.0224732380505583,10303.02300433024
2024-01-09 21:00:00,3375.0510958380005,10188.259951031903,6813.208855193902,6813.208855193902,0.0,161.64434373703907,0.015809151547597423,161.64434373703907,0.015809151547597423,-38.41218615886268,0.0,265.7312274449629,-1.8885035757421075e-15,6813.208855193902,6813.208855193902,0.6663459347047497,0.6663459347047497,0.0,0.6663459347047497,-38.41218615886268,265.7312274449629,227.3190412861002,-1.8885035757421075e-15,227.3190412861002,1.018825995103192,10224.732380505568
2024-01-10 21:00:00,2883.905033654002,10149.29563744405,7265.390603790047,7265.390603790047,0.0,490.9006118780592,0.04818296885213839,490.9006118780592,0.04818296885213839,-77.13104944077709,0.0,265.7312274449629,-1.8885035757421075e-15,7265.390603790047,7265.390603790047,0.713113980081965,0.713113980081965,0.0,0.713113980081965,-77.13104944077709,265.7312274449629,188.6001780041858,-1.8885035757421075e-15,188.6001780041858,1.0149295637444065,10188.259951031903
2024-01-11 21:00:00,2711.0986092859735,10159.917913968806,7448.819304682832,7448.819304682832,0.0,172.72006433586085,0.017017936072198,172.72006433586085,0.017017936072198,-66.42241288385277,0.0,265.7312274449629,-1.8885035757421075e-15,7448.819304682832,7448.819304682832,0.7339247540688161,0.7339247540688161,0.0,0.7339247540688161,-66.42241288385277,265.7312274449629,199.30881456111013,-1.8885035757421075e-15,199.30881456111013,1.0159917913968821,10149.29563744405
2024-01-12 21:00:00,2711.0986092859735,10178.655255465757,7467.5566461797835,7467.5566461797835,0.0,0.0,0.0,-0.0,-0.0,-47.68507138690117,0.0,265.7312274449629,-1.8885035757421075e-15,7467.5566461797835,7467.5566461797835,0.7350016712155408,0.7350016712155408,0.0,0.7350016712155408,-47.68507138690117,265.7312274449629,218.0461560580617,-1.8885035757421075e-15,218.0461560580617,1.0178655255465774,10159.917913968806
2024-01-16 21:00:00,2625.2076269897184,10154.37662345648,7529.168996466761,7529.168996466761,0.0,591.6382765535692,0.05812538706779267,85.59516315797828,0.008409280107214083,-68.618829381226,0.0,262.6821725682868,-1.8885035757421075e-15,7529.168996466761,7529.168996466761,0.7397017393259027,0.7397017393259027,0.0,0.7397017393259027,-68.618829381226,262.6821725682868,194.06334318706075,-1.8885035757421075e-15,194.06334318706075,1.0154376623456496,10178.655255465757
2024-01-17 21:00:00,2983.0343253517603,10153.214996086213,7170.180670734453,7170.180670734453,0.0,358.0057012126483,0.03525629533827412,-358.0057012126483,-0.03525629533827412,-98.7133984645941,0.0,291.79411713199454,-1.8885035757421075e-15,7170.180670734453,7170.180670734453,0.7061172671271054,0.7061172671271054,0.0,0.7061172671271054,-98.7133984645941,291.79411713199454,193.08071866740045,-1.8885035757421075e-15,193.08071866740045,1.015321499608623,10154.37662345648
2024-01-18 21:00:00,2939.9305786165296,10116.976369335978,7177.045790719449,7177.045790719449,0.0,278.3102659215561,0.02741104822746658,42.96459160227003,0.004231624329715435,-118.41344124991001,0.0,275.3946883000365,-1.8885035757421075e-15,7177.045790719449,7177.045790719449,0.7068742061983326,0.7068742061983326,0.0,0.7068742061983326,-118.41344124991001,275.3946883000365,156.98124705012646,-1.8885035757421075e-15,156.98124705012646,1.0116976369335995,10153.214996086213
2024-01-19 21:00:00,2939.9305786165296,10070.94435099274,7131.013772376212,7131.013772376212,0.0,0.0,0.0,-0.0,-0.0,-164.44545959314613,0.0,275.3946883000365,-1.8885035757421075e-15,7131.013772376212,7131.013772376212,0.7048562250268705,0.7048562250268705,0.0,0.7048562250268705,-164.44545959314613,275.3946883000365,110.94922870689035,-1.8885035757421075e-15,110.94922870689035,1.0070944350992757,10116.976369335978
2024-01-22 21:00:00,3125.6293898794797,10132.311775587204,7006.682385707725,7006.682385707725,0.0,185.79170711650858,0.018448290511921477,-185.79170711650858,-0.018448290511921477,-105.14254852563941,0.0,277.55209768055175,-1.8885035757421075e-15,7006.682385707725,7006.682385707725,0.6957324101405687,0.6957324101405687,0.0,0.6957324101405687,-105.14254852563941,277.55209768055175,172.40954915491233,-1.8885035757421075e-15,172.40954915491233,1.0132311775587222,10070.94435099274
2024-01-23 21:00:00,3125.6293898794797,10096.77637396736,6971.14698408788,6971.14698408788,0.0,0.0,0.0,-0.0,-0.0,-140.67795014548574,0.0,277.55209768055175,-1.8885035757421075e-15,6971.14698408788,6971.14698408788,0.6880114961409067,0.6880114961409067,0.0,0.6880114961409067,-140.67795014548574,277.55209768055175,136.87414753506602,-1.8885035757421075e-15,136.87414753506602,1.0096776373967375,10132.311775587204
2024-01-24 21:00:00,3158.8046314270837,10108.686554865026,6949.881923437942,6949.881923437942,0.0,324.0742221397369,0.032096801012182596,-33.337278658673654,-0.003301774489591308,-129.70804780206416,0.0,278.65441334586626,-1.8885035757421075e-15,6949.881923437942,6949.881923437942,0.6883268150176036,0.6883268150176036,0.0,0.6883268150176036,-129.70804780206416,278.65441334586626,148.9463655438021,-1.8885035757421075e-15,148.9463655438021,1.010868655486504,10096.77637396736
2024-01-25 21:00:00,3265.744883020583,10173.47810573134,6907.733222710756,6907.733222710756,0.0,106.99374846773318,0.010584337330772227,-106.99374846773318,-0.010584337330772227,-76.98232053371846,0.0,290.7737338180679,-1.8885035757421075e-15,6907.733222710756,6907.733222710756,0.6833462671158064,0.6833462671158064,0.0,0.6833462671158064,-76.98232053371846,290.7737338180679,213.79141328434946,-1.8885035757421075e-15,213.79141328434946,1.0173478105731353,10108.686554865026
2024-01-26 21:00:00,3414.1637981618014,10214.779783532651,6800.61598537085,6800.61598537085,0.0,483.10412504010384,0.04748662355384064,-148.66046720373848,-0.014612550954426195,-96.81516334946505,0.0,352.14980649764595,-1.8885035757421075e-15,6800.61598537085,6800.61598537085,0.6684651910283906,0.6684651910283906,0.0,0.6684651910283906,-96.81516334946505,352.14980649764595,255.3346431481809,-1.8885035757421075e-15,255.3346431481809,1.0214779783532664,10173.47810573134
2024-01-29 21:00:00,3121.7164377229074,10207.5358267743,7085.819389051392,7085.819389051392,0.0,292.3012098339773,0.028615517517587504,292.3012098339773,0.028615517517587504,-103.91296950289862,0.0,352.14980649764595,-1.8885035757421075e-15,7085.819389051392,7085.819389051392,0.6936830298069189,0.6936830298069189,0.0,0.6936830298069189,-103.91296950289862,352.14980649764595,248.23683699474734,-1.8885035757421075e-15,248.23683699474734,1.0207535826774312,10214.779783532651
2024-01-30 21:00:00,3014.3110147076177,10223.339297440765,7209.0282827331475,7209.0282827331475,0.0,494.6482491132661,0.04845912446526095,107.15809889073307,0.010497940022866055,-89.22178063149019,0.0,353.5094124172591,-1.8885035757421075e-15,7209.0282827331475,7209.0282827331475,0.7062456997529133,0.7062456997529133,0.0,0.7062456997529133,-89.22178063149019,353.5094124172591,264.2876317857689,-1.8885035757421075e-15,264.2876317857689,1.0223339297440777,10207.5358267743
2024-01-31 21:00:00,3195.35191664998,10191.258256119163,6995.906339469183,6995.906339469183,0.0,181.13146767620066,0.017717446560884833,-181.13146767620066,-0.017717446560884833,-144.86529677006584,0.0,377.1624529680705,-1.8885035757421075e-15,6995.906339469183,6995.906339469183,0.6843073614137493,0.6843073614137493,0.0,0.6843073614137493,-144.86529677006584,377.1624529680705,232.29715619800467,-1.8885035757421075e-15,232.29715619800467,1.0191258256119173,10223.339297440765
